Workbook

Sheet Sheet1
A1: Date | B1: Mkt-RF | C1: SMB | D1: HML | E1: RF | F1: LoBM LoINV | G1: BM1 INV2 | H1: BM1 INV3 | I1: BM1 INV4 | J1: LoBM HiINV | K1: BM2 INV1 | L1: BM2 INV2 | M1: BM2 INV3 | N1: BM2 INV4 | O1: BM2 INV5 | P1: BM3 INV1 | Q1: BM3 INV2 | R1: BM3 INV3 | S1: BM3 INV4 | T1: BM3 INV5 | U1: BM4 INV1 | V1: BM4 INV2 | W1: BM4 INV3 | X1: BM4 INV4 | Y1: BM4 INV5 | Z1: HiBM LoINV | AA1: BM5 INV2 | AB1: BM5 INV3 | AC1: BM5 INV4 | AD1: HiBM HiINV
A2: 196307 | B2: -0.39 | C2: -0.57 | D2: -0.81 | E2: 0.27 | F2: -1.3167 | G2: 0.7402 | H2: 0.3301 | I2: -0.2615 | J2: 0.951 | K2: -0.8811 | L2: -0.3811 | M2: 0.4057 | N2: 0.6966 | O2: -0.4493 | P2: -1.075 | Q2: -1.789 | R2: 3.2908 | S2: -1.0208 | T2: -0.7983 | U2: -0.9733 | V2: -1.6378 | W2: -1.3369 | X2: -1.1616 | Y2: 0.4111 | Z2: -1.4354 | AA2: 0.6371 | AB2: -1.62 | AC2: -1.8794 | AD2: 3.8378
A3: 196308 | B3: 5.08 | C3: -0.95 | D3: 1.7 | E3: 0.25 | F3: 4.6129 | G3: 5.3948 | H3: 5.5023 | I3: 5.336 | J3: 7.0189 | K3: 6.7193 | L3: 4.4171 | M3: 5.2132 | N3: 3.6124 | O3: 5.7728 | P3: 4.8347 | Q3: 5.9592 | R3: 4.0537 | S3: 5.6485 | T3: 5.6931 | U3: 9.8264 | V3: 6.1117 | W3: 4.9337 | X3: 10.5004 | Y3: 5.0198 | Z3: 7.0641 | AA3: 4.8926 | AB3: 5.4709 | AC3: 4.962 | AD3: 9.0346
A4: 196309 | B4: -1.57 | C4: -0.25 | D4: 0 | E4: 0.27 | F4: -1.9646 | G4: -2.1053 | H4: -2.8874 | I4: 0.0421 | J4: -1.0274 | K4: -1.6929 | L4: -0.4432 | M4: -3.1943 | N4: -0.2895 | O4: -0.4783 | P4: 0.5045 | Q4: 1.4784 | R4: -2.7953 | S4: -1.8162 | T4: -1.7113 | U4: -0.0418 | V4: -0.8559 | W4: 0.0381 | X4: 2.5793 | Y4: -3.1633 | Z4: -1.4373 | AA4: -3.3967 | AB4: -1.1379 | AC4: -4.1796 | AD4: 2.1901
A5: 196310 | B5: 2.54 | C5: -0.57 | D5: -0.04 | E5: 0.29 | F5: 3.0905 | G5: 1.8871 | H5: 0.9848 | I5: 5.0033 | J5: 11.8784 | K5: 0.3885 | L5: -0.12 | M5: -0.4856 | N5: 3.2982 | O5: 1.6536 | P5: 2.6874 | Q5: -2.0213 | R5: 0.8568 | S5: 1.5265 | T5: 1.9683 | U5: 2.8548 | V5: 3.3994 | W5: 3.6042 | X5: 7.0205 | Y5: -2.3932 | Z5: 2.2689 | AA5: 3.0036 | AB5: -1.8806 | AC5: -2.7894 | AD5: 4.5433
A6: 196311 | B6: -0.86 | C6: -1.16 | D6: 1.73 | E6: 0.27 | F6: 3.3833 | G6: -0.0715 | H6: -0.6327 | I6: -0.89 | J6: -5.4466 | K6: -3.7935 | L6: -1.0249 | M6: -1.2547 | N6: 2.7187 | O6: -0.8974 | P6: -1.7799 | Q6: -1.4389 | R6: -1.9441 | S6: -0.4659 | T6: 0.0704 | U6: 0.1143 | V6: -3.0038 | W6: -1.6594 | X6: -2.4354 | Y6: -1.5999 | Z6: -1.0869 | AA6: -2.1569 | AB6: -0.3097 | AC6: 4.1812 | AD6: -1.6439
A7: 196312 | B7: 1.83 | C7: -1.96 | D7: -0.21 | E7: 0.29 | F7: 2.3497 | G7: 5.4287 | H7: 3.3018 | I7: 2.4408 | J7: -0.1217 | K7: 4.6135 | L7: 2.0397 | M7: 1.888 | N7: 2.1438 | O7: 3.464 | P7: 2.4703 | Q7: 0.7981 | R7: 2.2054 | S7: 3.1544 | T7: 0.5031 | U7: 0.3919 | V7: 2.6502 | W7: 0.8326 | X7: -0.007 | Y7: 7.5676 | Z7: -0.7203 | AA7: 4.6254 | AB7: -2.7777 | AC7: 5.7171 | AD7: -2.0194
A8: 196401 | B8: 2.24 | C8: -0.24 | D8: 1.63 | E8: 0.3 | F8: 4.188 | G8: 1.3331 | H8: 2.5996 | I8: 4.4535 | J8: 0.369 | K8: 2.2158 | L8: 1.314 | M8: 0.9978 | N8: 4.712 | O8: -0.4639 | P8: -0.1454 | Q8: 1.3584 | R8: 2.6336 | S8: 1.3428 | T8: 2.9068 | U8: 4.9215 | V8: 2.5792 | W8: 4.8092 | X8: 0.3676 | Y8: -1.4809 | Z8: 4.3723 | AA8: 1.5201 | AB8: 1.7758 | AC8: 0.5748 | AD8: 4.7065
A9: 196402 | B9: 1.55 | C9: 0.12 | D9: 2.81 | E9: 0.26 | F9: 3.4349 | G9: 0.7381 | H9: 1.2761 | I9: 2.2727 | J9: 1.4716 | K9: -0.4535 | L9: 2.0307 | M9: 1.7791 | N9: 0.0685 | O9: 3.0628 | P9: 1.7766 | Q9: 1.8801 | R9: 2.365 | S9: -0.5832 | T9: 1.6099 | U9: 3.3267 | V9: 5.2909 | W9: 4.0571 | X9: 7.5228 | Y9: 3.2285 | Z9: 2.3981 | AA9: 2.0092 | AB9: 7.8084 | AC9: 5.3129 | AD9: 3.3849
A10: 196403 | B10: 1.41 | C10: 0.95 | D10: 3.29 | E10: 0.31 | F10: 1.7894 | G10: 4.4494 | H10: 0.013 | I10: 1.3341 | J10: 0.2717 | K10: 0.5555 | L10: 1.2553 | M10: 1.7403 | N10: 0.2473 | O10: 4.6359 | P10: 5.8246 | Q10: 4.5027 | R10: 3.7551 | S10: 3.4854 | T10: 2.9827 | U10: 7.8422 | V10: 5.2304 | W10: 5.9945 | X10: 3.7874 | Y10: -0.062 | Z10: 8.945 | AA10: 1.009 | AB10: -0.0638 | AC10: -0.3002 | AD10: 8.3015
A11: 196404 | B11: 0.1 | C11: -1.35 | D11: -0.54 | E11: 0.29 | F11: -1.2642 | G11: -0.4338 | H11: -0.1888 | I11: -1.7599 | J11: 3.7499 | K11: 0.1713 | L11: -0.0335 | M11: 1.6171 | N11: 1.8976 | O11: 0.3226 | P11: -3.9988 | Q11: 0.0159 | R11: 4.0354 | S11: 1.0224 | T11: 1.5359 | U11: -4.8382 | V11: -0.2509 | W11: -0.9422 | X11: -0.3754 | Y11: 5.1788 | Z11: -2.4686 | AA11: 8.4112 | AB11: 2.7767 | AC11: -6.0297 | AD11: -3.9551
A12: 196405 | B12: 1.41 | C12: -0.84 | D12: 1.81 | E12: 0.26 | F12: 1.9114 | G12: 0.8912 | H12: 0.3467 | I12: 2.8499 | J12: 3.1398 | K12: -0.4514 | L12: 1.4237 | M12: 1.5325 | N12: -0.1395 | O12: 1.7741 | P12: -1.4752 | Q12: -1.1306 | R12: 3.0909 | S12: 2.5475 | T12: 1.3857 | U12: 2.8573 | V12: 1.5571 | W12: 4.4104 | X12: 5.0108 | Y12: 4.3355 | Z12: 2.6514 | AA12: 6.4542 | AB12: -2.4279 | AC12: -4.6614 | AD12: 1.0575
A13: 196406 | B13: 1.27 | C13: -0.23 | D13: 0.68 | E13: 0.3 | F13: -1.5586 | G13: 1.6264 | H13: 1.9284 | I13: 0.9304 | J13: 1.3483 | K13: 4.6702 | L13: 1.8062 | M13: 1.8681 | N13: 3.7351 | O13: 0.3559 | P13: -1.724 | Q13: 2.3459 | R13: -0.1541 | S13: 1.6641 | T13: 1.4496 | U13: 0.9965 | V13: 3.2134 | W13: 1.2807 | X13: 1.7475 | Y13: 1.152 | Z13: 1.9321 | AA13: 1.0923 | AB13: 0.5978 | AC13: 4.5219 | AD13: -2.0376
... A749: 202510 | B749: 1.95 | C749: -0.55 | D749: -3.1 | E749: 0.37 | F749: 4.2987 | G749: 0.759 | H749: 2.9034 | I749: -3.4455 | J749: 5.3463 | K749: -2.2513 | L749: -0.2484 | M749: 9.7348 | N749: -1.0729 | O749: -0.8858 | P749: -0.7789 | Q749: 1.4331 | R749: -0.3817 | S749: 2.0267 | T749: 1.2997 | U749: -1.7922 | V749: -1.5637 | W749: -1.2678 | X749: -3.6354 | Y749: -2.0211 | Z749: 3.6228 | AA749: -2.0149 | AB749: 8.1 | AC749: -4.5214 | AD749: -0.9722

Sheet excessrets
A1: Date | B1: LoBM LoINV | C1: BM1 INV2 | D1: BM1 INV3 | E1: BM1 INV4 | F1: LoBM HiINV | G1: BM2 INV1 | H1: BM2 INV2 | I1: BM2 INV3 | J1: BM2 INV4 | K1: BM2 INV5 | L1: BM3 INV1 | M1: BM3 INV2 | N1: BM3 INV3 | O1: BM3 INV4 | P1: BM3 INV5 | Q1: BM4 INV1 | R1: BM4 INV2 | S1: BM4 INV3 | T1: BM4 INV4 | U1: BM4 INV5 | V1: HiBM LoINV | W1: BM5 INV2 | X1: BM5 INV3 | Y1: BM5 INV4 | Z1: HiBM HiINV
A2: 196307 | B2: =Sheet1!F2-Sheet1!$E2 -> -1.5867 | C2: =Sheet1!G2-Sheet1!$E2 -> 0.4702 | D2: =Sheet1!H2-Sheet1!$E2 -> 0.0601 | E2: =Sheet1!I2-Sheet1!$E2 -> -0.5315 | F2: =Sheet1!J2-Sheet1!$E2 -> 0.681 | G2: =Sheet1!K2-Sheet1!$E2 -> -1.1511 | H2: =Sheet1!L2-Sheet1!$E2 -> -0.6511 | I2: =Sheet1!M2-Sheet1!$E2 -> 0.1357 | ... Z2: =Sheet1!AD2-Sheet1!$E2 -> 3.5678
A3: 196308 | B3: =Sheet1!F3-Sheet1!$E3 -> 4.3629 | C3: =Sheet1!G3-Sheet1!$E3 -> 5.1448 | D3: =Sheet1!H3-Sheet1!$E3 -> 5.2523 | E3: =Sheet1!I3-Sheet1!$E3 -> 5.086 | F3: =Sheet1!J3-Sheet1!$E3 -> 6.7689 | G3: =Sheet1!K3-Sheet1!$E3 -> 6.4693 | H3: =Sheet1!L3-Sheet1!$E3 -> 4.1671 | I3: =Sheet1!M3-Sheet1!$E3 -> 4.9632 | ... Z3: =Sheet1!AD3-Sheet1!$E3 -> 8.7846
A4: 196309 | B4: =Sheet1!F4-Sheet1!$E4 -> -2.2346 | C4: =Sheet1!G4-Sheet1!$E4 -> -2.3753 | D4: =Sheet1!H4-Sheet1!$E4 -> -3.1574 | E4: =Sheet1!I4-Sheet1!$E4 -> -0.2279 | F4: =Sheet1!J4-Sheet1!$E4 -> -1.2974 | G4: =Sheet1!K4-Sheet1!$E4 -> -1.9629 | H4: =Sheet1!L4-Sheet1!$E4 -> -0.7132 | I4: =Sheet1!M4-Sheet1!$E4 -> -3.4643 | ... Z4: =Sheet1!AD4-Sheet1!$E4 -> 1.9201
A5: 196310 | B5: =Sheet1!F5-Sheet1!$E5 -> 2.8005 | C5: =Sheet1!G5-Sheet1!$E5 -> 1.5971 | D5: =Sheet1!H5-Sheet1!$E5 -> 0.6948 | E5: =Sheet1!I5-Sheet1!$E5 -> 4.7133 | F5: =Sheet1!J5-Sheet1!$E5 -> 11.5884 | G5: =Sheet1!K5-Sheet1!$E5 -> 0.0985 | H5: =Sheet1!L5-Sheet1!$E5 -> -0.41 | I5: =Sheet1!M5-Sheet1!$E5 -> -0.7756 | ... Z5: =Sheet1!AD5-Sheet1!$E5 -> 4.2533
A6: 196311 | B6: =Sheet1!F6-Sheet1!$E6 -> 3.1133 | C6: =Sheet1!G6-Sheet1!$E6 -> -0.3415 | D6: =Sheet1!H6-Sheet1!$E6 -> -0.9027 | E6: =Sheet1!I6-Sheet1!$E6 -> -1.16 | F6: =Sheet1!J6-Sheet1!$E6 -> -5.7166 | G6: =Sheet1!K6-Sheet1!$E6 -> -4.0635 | H6: =Sheet1!L6-Sheet1!$E6 -> -1.2949 | I6: =Sheet1!M6-Sheet1!$E6 -> -1.5247 | ... Z6: =Sheet1!AD6-Sheet1!$E6 -> -1.9139
A7: 196312 | B7: =Sheet1!F7-Sheet1!$E7 -> 2.0597 | C7: =Sheet1!G7-Sheet1!$E7 -> 5.1387 | D7: =Sheet1!H7-Sheet1!$E7 -> 3.0118 | E7: =Sheet1!I7-Sheet1!$E7 -> 2.1508 | F7: =Sheet1!J7-Sheet1!$E7 -> -0.4117 | G7: =Sheet1!K7-Sheet1!$E7 -> 4.3235 | H7: =Sheet1!L7-Sheet1!$E7 -> 1.7497 | I7: =Sheet1!M7-Sheet1!$E7 -> 1.598 | ... Z7: =Sheet1!AD7-Sheet1!$E7 -> -2.3094
A8: 196401 | B8: =Sheet1!F8-Sheet1!$E8 -> 3.888 | C8: =Sheet1!G8-Sheet1!$E8 -> 1.0331 | D8: =Sheet1!H8-Sheet1!$E8 -> 2.2996 | E8: =Sheet1!I8-Sheet1!$E8 -> 4.1535 | F8: =Sheet1!J8-Sheet1!$E8 -> 0.069 | G8: =Sheet1!K8-Sheet1!$E8 -> 1.9158 | H8: =Sheet1!L8-Sheet1!$E8 -> 1.014 | I8: =Sheet1!M8-Sheet1!$E8 -> 0.6978 | ... Z8: =Sheet1!AD8-Sheet1!$E8 -> 4.4065
A9: 196402 | B9: =Sheet1!F9-Sheet1!$E9 -> 3.1749 | C9: =Sheet1!G9-Sheet1!$E9 -> 0.4781 | D9: =Sheet1!H9-Sheet1!$E9 -> 1.0161 | E9: =Sheet1!I9-Sheet1!$E9 -> 2.0127 | F9: =Sheet1!J9-Sheet1!$E9 -> 1.2116 | G9: =Sheet1!K9-Sheet1!$E9 -> -0.7135 | H9: =Sheet1!L9-Sheet1!$E9 -> 1.7707 | I9: =Sheet1!M9-Sheet1!$E9 -> 1.5191 | ... Z9: =Sheet1!AD9-Sheet1!$E9 -> 3.1249
A10: 196403 | B10: =Sheet1!F10-Sheet1!$E10 -> 1.4794 | C10: =Sheet1!G10-Sheet1!$E10 -> 4.1394 | D10: =Sheet1!H10-Sheet1!$E10 -> -0.297 | E10: =Sheet1!I10-Sheet1!$E10 -> 1.0241 | F10: =Sheet1!J10-Sheet1!$E10 -> -0.0383 | G10: =Sheet1!K10-Sheet1!$E10 -> 0.2455 | H10: =Sheet1!L10-Sheet1!$E10 -> 0.9453 | I10: =Sheet1!M10-Sheet1!$E10 -> 1.4303 | ... Z10: =Sheet1!AD10-Sheet1!$E10 -> 7.9915
A11: 196404 | B11: =Sheet1!F11-Sheet1!$E11 -> -1.5542 | C11: =Sheet1!G11-Sheet1!$E11 -> -0.7238 | D11: =Sheet1!H11-Sheet1!$E11 -> -0.4788 | E11: =Sheet1!I11-Sheet1!$E11 -> -2.0499 | F11: =Sheet1!J11-Sheet1!$E11 -> 3.4599 | G11: =Sheet1!K11-Sheet1!$E11 -> -0.1187 | H11: =Sheet1!L11-Sheet1!$E11 -> -0.3235 | I11: =Sheet1!M11-Sheet1!$E11 -> 1.3271 | ... Z11: =Sheet1!AD11-Sheet1!$E11 -> -4.2451
A12: 196405 | B12: =Sheet1!F12-Sheet1!$E12 -> 1.6514 | C12: =Sheet1!G12-Sheet1!$E12 -> 0.6312 | D12: =Sheet1!H12-Sheet1!$E12 -> 0.0867 | E12: =Sheet1!I12-Sheet1!$E12 -> 2.5899 | F12: =Sheet1!J12-Sheet1!$E12 -> 2.8798 | G12: =Sheet1!K12-Sheet1!$E12 -> -0.7114 | H12: =Sheet1!L12-Sheet1!$E12 -> 1.1637 | I12: =Sheet1!M12-Sheet1!$E12 -> 1.2725 | ... Z12: =Sheet1!AD12-Sheet1!$E12 -> 0.7975
A13: 196406 | B13: =Sheet1!F13-Sheet1!$E13 -> -1.8586 | C13: =Sheet1!G13-Sheet1!$E13 -> 1.3264 | D13: =Sheet1!H13-Sheet1!$E13 -> 1.6284 | E13: =Sheet1!I13-Sheet1!$E13 -> 0.6304 | F13: =Sheet1!J13-Sheet1!$E13 -> 1.0483 | G13: =Sheet1!K13-Sheet1!$E13 -> 4.3702 | H13: =Sheet1!L13-Sheet1!$E13 -> 1.5062 | I13: =Sheet1!M13-Sheet1!$E13 -> 1.5681 | ... Z13: =Sheet1!AD13-Sheet1!$E13 -> -2.3376
... A749: 202510 | B749: =Sheet1!F749-Sheet1!$E749 -> 3.9287 | C749: =Sheet1!G749-Sheet1!$E749 -> 0.389 | D749: =Sheet1!H749-Sheet1!$E749 -> 2.5334 | E749: =Sheet1!I749-Sheet1!$E749 -> -3.8155 | F749: =Sheet1!J749-Sheet1!$E749 -> 4.9763 | G749: =Sheet1!K749-Sheet1!$E749 -> -2.6213 | H749: =Sheet1!L749-Sheet1!$E749 -> -0.6184 | I749: =Sheet1!M749-Sheet1!$E749 -> 9.3648 | ... Z749: =Sheet1!AD749-Sheet1!$E749 -> -1.3422
B752: Low Inv | C752: 2 | D752: 3 | E752: 4 | F752: Hi Inv | G752: H-L INV
A753: Low BM | B753: =AVERAGE(B2:B749) -> 0.61088382 | C753: =AVERAGE(C2:C749) -> 0.62807634 | D753: =AVERAGE(D2:D749) -> 0.63828797 | E753: =AVERAGE(E2:E749) -> 0.64176604 | F753: =AVERAGE(F2:F749) -> 0.67283289 | G753: =F753-B753 -> 0.061949064
A754: 2 | B754: =AVERAGE(G2:G749) -> 0.74263663 | C754: =AVERAGE(H2:H749) -> 0.71378529 | D754: =AVERAGE(I2:I749) -> 0.4822373 | E754: =AVERAGE(J2:J749) -> 0.57945134 | F754: =AVERAGE(K2:K749) -> 0.60636484 | G754: =F754-B754 -> -0.13627179
A755: 3 | B755: =AVERAGE(L2:L749) -> 0.7759857 | C755: =AVERAGE(M2:M749) -> 0.68041698 | D755: =AVERAGE(N2:N749) -> 0.69015521 | E755: =AVERAGE(O2:O749) -> 0.64827112 | F755: =AVERAGE(P2:P749) -> 0.46899973 | G755: =F755-B755 -> -0.30698596
A756: 4 | B756: =AVERAGE(Q2:Q749) -> 0.7632123 | C756: =AVERAGE(R2:R749) -> 0.65179144 | D756: =AVERAGE(S2:S749) -> 0.78096243 | E756: =AVERAGE(T2:T749) -> 0.77502968 | F756: =AVERAGE(U2:U749) -> 0.61895428 | G756: =F756-B756 -> -0.14425802
A757: Hi BM | B757: =AVERAGE(V2:V749) -> 1.0254578 | C757: =AVERAGE(W2:W749) -> 0.88745575 | D757: =AVERAGE(X2:X749) -> 0.82890896 | E757: =AVERAGE(Y2:Y749) -> 0.94322821 | F757: =AVERAGE(Z2:Z749) -> 0.60935842 | G757: =F757-B757 -> -0.41609933
A758: H-L BM | B758: =B757-B753 -> 0.41457393 | C758: =C757-C753 -> 0.25937941 | D758: =D757-D753 -> 0.19062099 | E758: =E757-E753 -> 0.30146217 | F758: =F757-F753 -> -0.063474465 | G758: =F758-B758 -> -0.4780484
B760: Volatilities
A761: Low BM | B761: =_xlfn.STDEV.S(B2:B749) -> 5.4752387 | C761: =_xlfn.STDEV.S(C2:C749) -> 4.6483129 | D761: =_xlfn.STDEV.S(D2:D749) -> 4.5989763 | E761: =_xlfn.STDEV.S(E2:E749) -> 4.8185719 | F761: =_xlfn.STDEV.S(F2:F749) -> 6.1730976
A762: 2 | B762: =_xlfn.STDEV.S(G2:G749) -> 5.0658106 | C762: =_xlfn.STDEV.S(H2:H749) -> 4.5167948 | D762: =_xlfn.STDEV.S(I2:I749) -> 4.6151697 | E762: =_xlfn.STDEV.S(J2:J749) -> 4.8490262 | F762: =_xlfn.STDEV.S(K2:K749) -> 5.565846
A763: 3 | B763: =_xlfn.STDEV.S(L2:L749) -> 5.2064596 | C763: =_xlfn.STDEV.S(M2:M749) -> 4.4911268 | D763: =_xlfn.STDEV.S(N2:N749) -> 4.4952354 | E763: =_xlfn.STDEV.S(O2:O749) -> 4.7460332 | F763: =_xlfn.STDEV.S(P2:P749) -> 5.6449003
A764: 4 | B764: =_xlfn.STDEV.S(Q2:Q749) -> 5.4046101 | C764: =_xlfn.STDEV.S(R2:R749) -> 4.6154391 | D764: =_xlfn.STDEV.S(S2:S749) -> 4.766296 | E764: =_xlfn.STDEV.S(T2:T749) -> 5.5372838 | F764: =_xlfn.STDEV.S(U2:U749) -> 5.555898
A765: Hi BM | B765: =_xlfn.STDEV.S(V2:V749) -> 6.0530399 | C765: =_xlfn.STDEV.S(W2:W749) -> 5.4642303 | D765: =_xlfn.STDEV.S(X2:X749) -> 5.6940236 | E765: =_xlfn.STDEV.S(Y2:Y749) -> 6.1970585 | F765: =_xlfn.STDEV.S(Z2:Z749) -> 6.6562848
B768: Sharpe Ratios
A769: Low BM | B769: =B753/B761 -> 0.11157209 | C769: =C753/C761 -> 0.1351192 | D769: =D753/D761 -> 0.13878914 | E769: =E753/E761 -> 0.13318594 | F769: =F753/F761 -> 0.10899437
A770: 2 | B770: =B754/B762 -> 0.14659779 | C770: =C754/C762 -> 0.15802916 | D770: =D754/D762 -> 0.10448961 | E770: =E754/E762 -> 0.1194985 | F770: =F754/F762 -> 0.10894388
A771: 3 | B771: =B755/B763 -> 0.14904287 | C771: =C755/C763 -> 0.15150251 | D771: =D755/D763 -> 0.15353038 | E771: =E755/E763 -> 0.1365922 | F771: =F755/F763 -> 0.083083795
A772: 4 | B772: =B756/B764 -> 0.14121505 | C772: =C756/C764 -> 0.14121981 | D772: =D756/D764 -> 0.16385101 | E772: =E756/E764 -> 0.13996568 | F772: =F756/F764 -> 0.1114049
A773: Hi BM | B773: =B757/B765 -> 0.16941203 | C773: =C757/C765 -> 0.16241185 | D773: =D757/D765 -> 0.14557526 | E773: =E757/E765 -> 0.15220579 | F773: =F757/F765 -> 0.091546327
